,mpc_steer,mpc_vel,odom_vel,odom_x,odom_y,odom_yaw
0,-0.008725740113155186,-0.00939117294722754,0.0016348071156422775,-19.781352702748457,-13.310443363202015,-0.00081459156904737
1,-3.470562121340789e-05,-0.0645258511418806,0.0014984674567323883,-19.781300902724144,-13.310449340012164,-0.0008141303833706358
2,0.008093531411567474,0.1799971255069832,0.019096970578724986,-19.78116840369269,-13.31042968983624,-0.0007816291057992202
3,0.01681575559773428,-0.07000082173895847,-0.006881895823809122,-19.780973930546242,-13.310273318111765,-0.0009651213795533563
4,0.0255093839241871,-0.31182735254987143,-0.014002495276254792,-19.78111263828912,-13.310343051228667,-0.0009184050617158408
5,0.034202755656937714,-0.37328255041264263,-0.020083741154007167,-19.781527387966907,-13.310429938151442,-0.0009490393627825957
6,0.042922111199773495,-0.12006906915590729,-0.025071489499698743,-19.782259413848312,-13.310275632762483,-0.0009869987498794359
7,0.05163372120348572,-0.0016122600493183592,0.1685379483903173,-19.770482724867577,-13.310232758339732,-0.0006332840152160177
8,0.0591481312423733,0.022872479420804323,0.02792129330245095,-19.76690558250279,-13.310022604796448,-0.0008920958623015597
9,0.06786493680645804,0.02592035099016262,-0.33428035616806123,-19.785188101838397,-13.309463342331217,-0.0016589719436425298
10,0.07657218758178391,0.19014063795803596,-0.18785607765772358,-19.794172946601684,-13.309396829250542,-0.0017144311739818847
11,0.08513889524189258,0.43819987888206435,-0.14888564161990583,-19.80040684062552,-13.30944253634905,-0.002009041661521703
12,0.0938608163748711,0.4935294280477436,0.11452374025933663,-19.802068831775024,-13.30909233322926,-0.0022255789592737565
13,0.10240382600521897,0.4802111218830752,-0.015433385361750138,-19.801194186933376,-13.30945644513953,-0.002024006971607312
14,0.11109163489572339,0.4870079297674428,0.08388525902998993,-19.800180901694997,-13.309658812373774,-0.0021141690189123855
15,0.12297839936342157,0.7365204820726291,0.2759244467380405,-19.79287120165779,-13.309021770000875,-0.0019541079466608297
16,0.13167235493084214,0.7950895524046059,0.28441307153550005,-19.7798612039268,-13.309815557262551,-0.0012564821878357241
17,0.11717213821751034,0.9368681039651496,0.4352127558837185,-19.7492818911125,-13.309681264960577,0.0005999482051873853
18,0.12589825158716467,0.6868707678686206,0.456879293321854,-19.73366699678945,-13.309787452359124,0.001018665905815694
19,0.13688936463490892,0.9346810825435349,0.47982436112405413,-19.71797067432956,-13.308950307083883,0.0019597017616641167
20,0.1442426601499394,1.089661539723799,0.46968296484550104,-19.70163924003754,-13.309443623556481,0.0025695199764174956
21,0.15296921773696456,1.0095890132999166,0.9091963221252102,-19.625864447136923,-13.309264265765012,0.007389697017078528
22,0.16169833226932812,1.01201754220588,0.8440658505810021,-19.5955858604961,-13.30912160929459,0.008591706993498024
23,0.17030715471130162,1.0165073017278792,0.8630594122156399,-19.566800800774526,-13.30771553893093,0.010343954379675417
24,0.1804890789296947,0.9002559269850172,0.9491826134189749,-19.505001633055347,-13.307341250932406,0.013376219294813018
25,0.1887431998058539,1.0332829514621302,1.0160820796674581,-19.434440130450703,-13.305594487505713,0.018063669127980395
26,0.1942828240989429,1.257532744565278,0.9526613676725497,-19.40076246898262,-13.305263757131044,0.020039114024225795
27,0.19971513906430968,1.488917191594657,0.9839304428444448,-19.36827631581385,-13.304009623799677,0.02274779447730291
28,0.20839298697876654,1.4997671043360927,0.9645214427774763,-19.334746214916354,-13.30348340986748,0.02481746394877374
29,0.21707628923059602,1.3041695611372421,0.8493892291902991,-19.27557300418581,-13.301618871043708,0.02933780440172899
30,0.22580280670665226,1.5136563593302246,0.9908319747106308,-19.2154240035204,-13.300525310917534,0.03460396785691893
31,0.23452834335663056,1.7493389768085248,1.1954950121764472,-19.136981871633168,-13.296907390317834,0.04129588949586883
32,0.24859540036740538,1.6745836577291164,1.2874927828333518,-19.0952414272375,-13.295198457208617,0.04495191265191047
33,0.25730668264134204,1.6724240840474935,1.4088101060408749,-19.047400232983914,-13.291525868294073,0.049541450912307675
34,0.24859724429397448,1.8275861123148722,1.5052725223451515,-18.950949676712263,-13.28719371464717,0.05816951208739405
35,0.2573147781206312,1.7007490923082522,1.6068812242593422,-18.896749139513062,-13.282371125807765,0.06430589463226198
36,0.2647464595215245,1.9458246779127113,1.5608983996722894,-18.78671844801704,-13.2747212911794,0.07341363668035701
37,0.27224792989486013,1.6962190291608152,1.5827544184499522,-18.733869551582156,-13.269847106665342,0.07893031087800849
38,0.27675010359835717,1.4469727059556656,1.5553225426227495,-18.68051152810652,-13.265790339985742,0.08405957050826673
39,0.2796582393644572,1.2929650247331221,1.5967168078531362,-18.573820457314884,-13.255721720071987,0.09518372900593956
40,0.2714214360283213,1.5066170966226473,1.6923075845142592,-18.464077865241336,-13.244730968547241,0.10655915844171208
41,0.2649916905674972,1.6726939607788665,1.771945935141314,-18.40431218259721,-13.237337027922434,0.11326871192233454
42,0.2566483268134713,1.4227821224585533,1.8610255265075475,-18.343009859811474,-13.229634442890964,0.1187764949923922
43,0.26139181563626696,1.2175029517904923,1.207728438884797,-18.198993797324373,-13.214916019197279,0.13282737382345394
44,0.2537981909720327,1.4132136279145138,1.5461458610089458,-18.15410785693818,-13.207487551399172,0.13769331099057802
45,0.24792304737994159,1.6594920629097685,1.53084328553091,-18.100157356228504,-13.199147160175903,0.14296408481249268
46,0.23967473161979616,1.8935673294652509,1.523296092685712,-18.049611552676033,-13.191281054251913,0.14780479874933578
47,0.24106070001074142,1.628307878861081,1.3080769427173302,-18.001417290062392,-13.184141801282928,0.15204526995572826
48,0.2450751897743996,1.379043382900873,1.3291135462723622,-17.959021801506903,-13.177617212694576,0.1561402205184838
49,0.245681980437313,1.6255160768446402,1.557191225608322,-17.86536930685391,-13.162123509873892,0.16471006230956906
50,0.24615399987311795,1.7669569760946724,1.5423739077611083,-17.710449531276478,-13.13331159306104,0.17828308154603428
51,0.2477249086013131,1.5589342264206476,1.5425770336017544,-17.658742157950012,-13.123327512346549,0.18300136362182215
52,0.24173015417677948,1.3098350157110643,1.5231436355693218,-17.607482275699464,-13.113661754631416,0.18731802439660394
53,0.24006090403553523,1.541260066754824,1.5202616892890732,-17.50729145705953,-13.093233849667342,0.19675381557630806
54,0.24441166568226974,1.466581170830484,1.4478281661335521,-17.406807318162688,-13.07221342219557,0.2053847252468151
55,0.27965779828272636,1.4901949581722584,1.474643876592743,-17.358410737006174,-13.06167980651911,0.209519708197736
56,0.2844923675718458,1.240319354403712,1.4360050800717459,-17.310113070222418,-13.050883631385854,0.21371577504340072
57,0.27706525882434574,1.4545855587749223,1.4551423892315731,-17.262147461526183,-13.040297964236633,0.2184112289210011
58,0.28400659017810703,1.477937658942741,1.4271484442526452,-17.166265579817168,-13.017574703854352,0.22823528073893914
59,0.2746243268946604,1.727380121944938,1.3882292569764378,-17.07404887758858,-12.994991208422647,0.2374289592150875
60,0.2663205078218601,1.9330730366619957,1.3622418822513707,-17.02890140625479,-12.98321860990502,0.24215426980948584
61,0.26661095784070826,1.9965381573376886,1.3652729406803754,-16.983937555156356,-12.971574556489673,0.24656635505569555
62,0.2724695580354118,1.9137567275595064,1.4019502451727301,-16.894309519331475,-12.947748984820619,0.25548387390642524
63,0.2703153308607411,1.8324917591571925,1.6040301176902274,-16.791119529749924,-12.918921584927356,0.2653608793054147
64,0.27395032322761703,1.9987540274653224,1.6572303076439585,-16.737385303954344,-12.903481921807876,0.2707360364614452
65,0.2759518970732103,1.7306953955488464,1.898784387114426,-16.679263705037354,-12.8863247435341,0.2766556989224442
66,0.2810971151823764,1.4806988446081022,1.8561282956627168,-16.6188850896281,-12.868059857799906,0.2827988402191506
67,0.2895655131149469,1.4979459327155515,1.6731166306971998,-16.501169362231575,-12.832807817130146,0.29442191904658344
68,0.28602229687781333,1.7472060197200638,1.6842362569721692,-16.39201797096907,-12.797416813805757,0.305443342263813
69,0.2773852157638622,1.7536524019707385,1.8999895890022183,-16.334130697788773,-12.7782530165155,0.31093483349954765
70,0.2688450431394674,1.8187314918623712,1.8830851215530318,-16.273318208510567,-12.75775942763391,0.31743928406009464
71,0.272023378324298,1.5687388116534444,1.3620970808243356,-16.118754084362866,-12.70849368428019,0.3339710800471441
72,0.27751308788317874,1.4017375049544893,1.471332771785719,-16.074074043893717,-12.69072202186436,0.33899000106529614
73,0.2688416359506704,1.4851818492800126,1.671652420779233,-16.02294849515435,-12.671248944841318,0.34365376668597597
74,0.2655281800014168,1.730087231965788,1.6008222847222406,-15.97186580461035,-12.652246022641195,0.3496358212884474
75,0.2695001683637606,1.4800875743558495,1.3897968027576537,-15.874296171727835,-12.615274742817512,0.35910335848192254
76,0.2604479970500774,1.500446199723373,1.396105039577873,-15.7837212924677,-12.579467702366754,0.3680174805579393
77,0.2517631669245092,1.7262526735449053,1.3410701701864134,-15.740552690719674,-12.56215467528358,0.372400810184563
78,0.26375350015123405,1.6889556032337345,1.365145260222084,-15.654585685376535,-12.526884425560635,0.380460135225686
79,0.26809535117416483,1.6779997978020365,1.38576256558567,-15.611346802262322,-12.508741181573349,0.38439824088728075
80,0.2813844296286645,1.6088670245174423,1.3853685269576093,-15.567592124460726,-12.4905208925829,0.3885884494035675
81,0.2727689338891691,1.5190649983772686,1.6624834494257144,-15.474654140292008,-12.44975509834927,0.3968732113995834
82,0.2790193315877369,1.5021753394509445,1.5894995802155154,-15.373737520122246,-12.404227671814256,0.40740505289742746
83,0.27716631258059626,1.686584053189689,1.553267951467281,-15.324702811818996,-12.383856550279031,0.4121195908571896
84,0.2815450691781227,1.747137558617203,1.5349996294042223,-15.277169836121622,-12.361506026834455,0.4177535671487628
85,0.28847398335213403,1.6382533390592464,1.4636247665217619,-15.231191796939719,-12.339476513407789,0.4225255530570285
86,0.2861280562428895,1.868819203403052,1.381967613158498,-15.145233329581629,-12.299462570857788,0.4315198773412438
87,0.29249690127752326,1.7352466656646148,1.620877926243821,-15.052922839195416,-12.2541907654476,0.4409462229453369
88,0.28384737704953217,1.9830447706092058,1.6027428371086465,-15.004498855245501,-12.230109315749358,0.4467458678353392
89,0.2856266199217276,1.7163267301341094,1.540133592162987,-14.95637432308059,-12.206675375218413,0.451708903106981
90,0.28463377878630264,1.5331018915581272,1.5771980393253446,-14.819679740359401,-12.136031460912704,0.4672766996911417
91,0.2864748082760201,1.763324151869309,1.6481669433985318,-14.770497009684096,-12.109649191029417,0.4723254674115325
92,0.30292617358372376,1.757941950001221,1.6409771187892883,-14.721280421299467,-12.083901173789952,0.4775878485345579
93,0.3116513693047391,1.7591208277405128,1.5441914686090314,-14.625853770319768,-12.032009647354597,0.48805979890392487
94,0.32037793999823966,1.5788917279836465,1.5710952472452295,-14.579805020734714,-12.006326042386473,0.4932364118029027
95,0.31280819588186026,1.82231855327754,1.6218920192908026,-14.484324732066693,-11.951897677233058,0.504259849188224
96,0.31685267011888674,1.7472888857899098,1.6020629131146606,-14.387956238912459,-11.895946526737612,0.5163728489783556
97,0.3084692881785499,1.996086148122887,1.600631242459409,-14.341609616428538,-11.868033535433835,0.5225021692161325
98,0.3000323176105045,1.9972567410817292,1.6345273651331536,-14.294395199104416,-11.8394417066255,0.5283977658236233
99,0.3016673677160767,1.9859936828969875,1.6783382936411406,-14.246829248023477,-11.810188447287011,0.5343756639469635
100,0.3014944922347234,1.718077662376372,1.723572922456544,-14.14831315819973,-11.748853356424162,0.5464524909573074
101,0.30442303724778597,1.50836213158426,1.8505593153625468,-14.045313479661376,-11.682804876162653,0.5586259159929562
102,0.297751975967976,1.753413029489635,1.906996463599282,-13.991453707919398,-11.648445657175671,0.5652866365349599
103,0.30059605653223626,1.754526568695007,1.8073272461962142,-13.93924435577228,-11.613353865548177,0.5717710163023181
104,0.2965422336989025,1.5440688240968665,1.825328976979002,-13.888013041519837,-11.578838469388332,0.5777977644761682
105,0.28404595123853776,1.4803724862168353,1.520281338000619,-13.791076149144041,-11.511063843851343,0.5898271761660727
106,0.28617728074680826,1.462884762119534,1.4425823855994477,-13.715197012563308,-11.45837553763317,0.6002022407747325
107,0.2783632020960228,1.7083490890574378,1.6532506681197552,-13.673992322903157,-11.428411700581131,0.6053912063049838
108,0.2788033612326814,1.461570383543254,1.5998323938097445,-13.628133926720857,-11.394647113728084,0.6112020163579994
109,0.27765709917604703,1.4617395959108777,1.324858779092386,-13.544459968323007,-11.333361906752527,0.6211716342530563
110,0.281236086922466,1.640384492957142,1.3953261740433291,-13.470672498656128,-11.278645679647509,0.6298058992094769
111,0.28109887945180717,1.7370616513190602,1.5720068180667321,-13.387092043219564,-11.214445221956812,0.6398333527316264
112,0.2782927280554662,1.494752084084917,1.5282899471625881,-13.344297421599089,-11.181863706018495,0.6451973054631731
113,0.2745537899504967,1.5010056936065594,1.354880952927331,-13.27160524433631,-11.124600266969281,0.6541048403151611
114,0.2655985254893231,1.7494254275311825,1.3730995745849222,-13.23608101564632,-11.095247304937299,0.6584100236489252
115,0.2633555813821792,1.5002068223048726,1.525575114223939,-13.156861990133809,-11.030530911507055,0.6677106064484224
116,0.30458382954497226,1.369965856903925,1.4922094159453017,-13.116264221699982,-10.998365249441,0.6724079999243818
117,0.3020628294830254,1.3072652360538457,1.359919861574885,-13.078882566236128,-10.966686269798718,0.6771248056336164
118,0.3015535214923377,1.5572418681150164,1.3755987813666712,-13.007032496692926,-10.906688624723243,0.686162733667194
119,0.29081009835929755,1.8075356803860927,1.4056103796889259,-12.971396758161152,-10.875681717187714,0.6918811684547533
120,0.2838698139574197,1.991680483923512,1.414851882383571,-12.934818773275019,-10.844522727860832,0.696899500543029
121,0.2881717371931947,1.730089803192097,1.1488049385326817,-12.867635416597324,-10.784222321730196,0.7066169347956105
122,0.29083014899977383,1.9779343569376246,1.2011169152795254,-12.837668214809636,-10.758808789547007,0.710538478610297
123,0.27999137467442925,1.9899124161184527,1.7191676958778241,-12.768809731686611,-10.695938332935789,0.7193392989247298
124,0.2748320125585328,1.741319972039007,1.6307071541678213,-12.684308014816276,-10.618370823551757,0.731034858594455
125,0.26462445845036575,1.9825099519423968,1.579988909757311,-12.643727855815271,-10.582657247840922,0.7362071574948005
126,0.2583604726984828,1.9982280371223289,1.6387553218439277,-12.60398834918682,-10.54490124091251,0.7413365455076298
127,0.2589782824101873,1.9990463004416996,1.6554152065018144,-12.56448509491644,-10.505630425809278,0.7468726666055694
128,0.25539054606864847,1.9996114528298343,1.840124357366795,-12.472945352108134,-10.41942947559584,0.7587765215021676
129,0.2490946194460388,1.9985070222685464,1.8864287293865407,-12.382867175130695,-10.331367425077858,0.7696594544546359
130,0.2467057996503156,1.997606438888886,1.876691424490962,-12.337817742926033,-10.285452049461352,0.7755100192664764
131,0.2379462927216606,1.9989431025277071,1.8534403466748577,-12.293429133825565,-10.240426042295535,0.7808354092219505
132,0.22834195265129714,1.999935565116992,1.8704305684750624,-12.249090273162892,-10.195260366690453,0.7861585847106612
133,0.22841658801883707,1.9988532026983483,1.8637553741576676,-12.160533074460641,-10.103507744021329,0.7976241502408671
134,0.21807191596858375,1.9595523514746487,1.8877265327504094,-12.073740066481157,-10.010405625060082,0.8077023547373534
135,0.21931739410916604,1.999897140892934,1.8692397057749641,-12.030039410025497,-9.9640080702813,0.8128579791617736
136,0.20806390249147586,1.9992670191522495,1.86903880111379,-11.986984722883573,-9.917216748897841,0.8175145269563103
137,0.20994831847594028,1.9999543465991356,1.8778699086637676,-11.944473440692166,-9.86973879639676,0.8222955309879361
138,0.19745049231714473,1.9999495498147075,1.8902070381756915,-11.817117617110378,-9.726826042755604,0.8363188068062672
139,0.19703604969395208,1.9996812882731854,1.8816419291741513,-11.774610843965034,-9.678792502853327,0.8412501610892883
140,0.1847122190159243,1.9999144174682604,1.86955420416059,-11.732776473696486,-9.63066346629861,0.845827723353466
141,0.18267609385456746,1.9999807993907452,1.8731332122984266,-11.608206953763512,-9.484788183979509,0.8586867337443955
142,0.17021086818170886,1.9002319912365984,1.890619256241985,-11.567128366313021,-9.435589492057572,0.8625942063588501
143,0.1616905353039802,1.999952162516796,1.8838112907298605,-11.525978377992367,-9.386332405191238,0.8668265345198942
144,0.15649561393374953,1.9493485704616602,1.8897167079416863,-11.444374543646283,-9.287749708103851,0.8745195900902879
145,0.142863900445164,1.9999174900686472,1.875972618912925,-11.403835283745849,-9.238219478734994,0.8780688116592771
146,0.13268404115211593,1.999998009291597,1.8935414289338681,-11.323264268572197,-9.13910012769755,0.884780040822796
147,0.12247894305084842,1.7307279044658528,1.8828533628767734,-11.28285693864989,-9.089046854068185,0.8879454078096545
148,0.11382993173103777,1.980727854496518,1.8882671762185084,-11.203308448192864,-8.989433272983902,0.8935221518817045
149,0.10806338840700115,1.9999300830505773,1.891203675930435,-11.1632978029328,-8.938884362893704,0.8962728440202498
150,0.09843109340756694,1.762082806498387,1.8657643203017498,-11.123688637130167,-8.88902628643272,0.8986974608178685
151,0.08857891152257862,1.6096325398575975,1.707585365944468,-11.047110943051496,-8.790090767440486,0.9032720660638799
152,0.07841475557801632,1.8614380221039135,1.667676279146458,-10.980926461528284,-8.705137605025278,0.9069475176056998
153,0.07026012713091147,1.9999954626131546,1.8607241215426222,-10.944611665140668,-8.658371016527413,0.9086075623924565
154,0.06144438299869072,1.9948905992906019,1.9207973372351932,-10.904453007604069,-8.604855765519174,0.9098445821622857
155,0.05123312519256317,1.9999996968493852,1.8454037710674187,-10.865846737418206,-8.555150951949942,0.911738270663556
156,0.05225104273416204,1.7596201906067248,1.7410465435339608,-10.793280882867542,-8.46134317171161,0.9142589606687543
157,0.04314655364296401,1.5170508179033118,1.8663775270066538,-10.719527243767786,-8.364723611244235,0.915989882051636
158,0.03452066467694535,1.2681352577029075,1.891732197261177,-10.680132674027963,-8.312478192627529,0.9169973671420113
159,0.024627116419470838,1.020387652521851,1.8613877338331475,-10.641897941325038,-8.262348340713478,0.9179122202943601
160,0.018152265644342965,0.7756901772048849,1.8917638712056613,-10.603229810048033,-8.211634262169312,0.9185428123962597
161,0.009442985034685283,0.5266710631911715,1.8650011684790897,-10.525835324618722,-8.109888289374632,0.9195135446966036
162,-0.001597617317581871,0.4318273937449944,1.014014118947641,-10.470453370721483,-8.030649822231185,0.9197793533920142
163,-0.010483281866527893,0.5049668721250874,1.1416575095014654,-10.448982515373821,-8.000294111725735,0.9198205281968913
164,-0.019581429598906856,0.7259835497842173,0.8254847861191426,-10.427682025852453,-7.973207227400085,0.9201921736955104
165,-0.02843191249850355,0.9743725542495044,0.5049033326374391,-10.41509878413038,-7.958466667562005,0.9210991492903896
166,-0.039079346979200846,1.1323421975387602,0.3079584668461614,-10.383690559975475,-7.9198831250069,0.9216712438360002
167,-0.03728985956810277,1.3782404620957123,0.5152497481086723,-10.374560664896762,-7.908007766417379,0.9212973338582799
168,-0.03557552783751802,1.6253481436948267,0.8036482938803376,-10.360994803884426,-7.89119026176672,0.9211193952487505
169,-0.0437743922048429,1.8743161605146417,0.6386648375881991,-10.34567311592287,-7.869974942269385,0.9206281553647042
170,-0.04865625772120948,1.9999578071123405,0.6802964260363713,-10.332414497168095,-7.852906792644833,0.9204389397657092
171,-0.05740833537939672,1.999986976311709,1.5156211373733202,-10.250952620832905,-7.7489159042099,0.9185615575991932
172,-0.06606104976159109,1.9989709245765603,1.5122587730298518,-10.21717468058032,-7.705886944725982,0.9175691486107274
173,-0.07518010839081542,1.9999994767072924,1.62710304680983,-10.186215735801818,-7.665715986810354,0.9165350624343821
174,-0.08384032762868678,1.9999965151916463,1.997107952934772,-10.148530704844154,-7.617655389220666,0.9155065064396907
175,-0.09263128166698922,1.9999979368724485,1.831800989318572,-10.068310008789755,-7.514410409247195,0.9129368506075999
176,-0.10218357155245446,1.9999959285967972,1.8137432842395425,-9.989521264761619,-7.413792474278899,0.9085171422806589
177,-0.11041012460479319,1.7304935335716025,1.8945814954539604,-9.951361062931568,-7.36486664479231,0.9069192872608095
178,-0.11655608889976447,1.646927072419411,1.873382608905592,-9.911197610296382,-7.314623990184131,0.9046206557961267
179,-0.11254546953907237,1.6359195362971455,1.823645758737865,-9.87212712137228,-7.265388655996833,0.9025652382919567
180,-0.11149181500840709,1.409105526341759,1.8497068159884802,-9.792629941233908,-7.166451124315617,0.8979871066962759
181,-0.09687827455524606,1.5819430829416894,1.817907720179543,-9.71349600516651,-7.068157443296556,0.8935660653232321
182,-0.10224265616380444,1.8323187109175632,1.5471078478131262,-9.676802064433469,-7.0227245861777465,0.8914900961992053
183,-0.09422776039923701,1.9903637033653923,1.601125008752635,-9.64284154408796,-6.982480849509985,0.8899259460317545
184,-0.09096723603077865,1.9991603137229306,1.5664052756507936,-9.609080906367614,-6.940002722394534,0.8884515660735947
185,-0.12154978157295108,1.9003326854776426,1.3102411243010097,-9.551969304357165,-6.871120863201675,0.8854160757940472
186,-0.11387673065840885,1.938369373782993,1.8511900149285392,-9.485535984828724,-6.790731754884666,0.8822217444269188
187,-0.12488437826323623,1.9946460666584094,1.7442589874429861,-9.409886498004006,-6.700348821250275,0.8770955494221253
188,-0.11622401961345817,1.999991768355967,1.9679060963830217,-9.36900673347993,-6.652330899719638,0.8749697123445092
189,-0.11081690309202807,1.9999994917042867,1.8486352224816833,-9.28691257551471,-6.555296522313957,0.8696481686950541
190,-0.11174816220499156,1.99999847296123,1.8244763943741484,-9.20813435436808,-6.462894895508041,0.8653596225166635
191,-0.10280583378295668,1.9998839224336094,1.8309525965593585,-9.167241691456727,-6.415837807479711,0.8628447895396348
192,-0.09361060462276996,1.9992689756979183,1.8744721011001508,-9.126189143437733,-6.368439668773457,0.860413114801595
193,-0.08440663765065273,1.9970245551235628,1.8644204823448043,-9.084460600551523,-6.320644027726985,0.8585849913777578
194,-0.07673202757488419,1.999992237588885,1.8774776336910333,-9.001307733177953,-6.225767256787069,0.8544858561186088
195,-0.06797401705074742,1.9995500998234725,1.8496748359510276,-8.917610652923308,-6.130327075176173,0.8515143420985668
196,-0.0587047677858168,1.7304892153547298,1.8758081848682737,-8.87546813100513,-6.082985673128467,0.8499319376735164
197,-0.05413230976007342,1.9734916981207278,1.8679668119542674,-8.833381766802088,-6.035171162860417,0.848545285328498
198,-0.044564220881849595,1.9998597528643836,1.8694455691810907,-8.791023415131862,-5.9878863425417235,0.8474830484101831
199,-0.035837886352106774,1.999946181196127,1.8690526437027084,-8.70666849172595,-5.892973521679708,0.8455639666242164
200,-0.025212245749029267,1.9996186198875057,1.5056629104928947,-8.628353388821315,-5.805041240771201,0.8443970997104411
201,-0.014782901812571633,1.9915937278999127,1.6343978579431413,-8.592030788130835,-5.765434306698395,0.8436930295744709
202,-0.007963811111143764,1.999995873746449,1.8098374639243768,-8.553389191105452,-5.721943912057342,0.8436146047313295
203,0.0005956967801275323,1.997545630430233,1.9691490757771328,-8.509533071826104,-5.672225179730204,0.842553596971549
204,0.027597248577652583,1.9644537153627315,1.8636497957490115,-8.42534532558987,-5.5782851426551545,0.8429410255676782
205,0.031496426037978656,1.9999246335135015,1.8675297265611954,-8.340267303859004,-5.482559226927952,0.8423246473592467
206,0.06391998850370036,1.9999433529815807,1.8695591945173646,-8.255742833457887,-5.387686391050501,0.8443641084195941
207,0.049971720961004135,1.999963645908054,1.8858098856542922,-8.213149724093615,-5.340154007639519,0.8449993656374751
208,0.03326563330768297,2.0,1.8164625170263589,-8.13049606476341,-5.245981539887926,0.8474105547535958
209,0.025529481548414168,1.9879438559445457,1.8543285994483827,-8.08902071728831,-5.199074631688531,0.8483540333466474
210,0.016823442846286518,1.9996835255585337,1.8862346138182353,-8.004826799070427,-5.102890483957032,0.8499978945222119
211,0.009264330226011714,1.9924306002509777,1.880216927759848,-7.962305169640994,-5.0553626127248075,0.8505792549373631
212,0.009377691488709186,1.9999887097959477,1.8755849212479618,-7.920419684598888,-5.007178081778594,0.8509055129854519
213,0.008759782506247196,1.9998474472877878,1.8784613619803245,-7.836305593852563,-4.910900285944882,0.851330108303983
214,0.0001254548588041608,1.9988548043208838,1.8751266520953638,-7.752250805194672,-4.8150249579173785,0.8516075167932685
215,-0.008460592818740193,1.9988321550357557,1.8813126476232924,-7.710201861947517,-4.766863207829568,0.851883767228663
216,-0.017079378855891107,1.999192084233231,1.8777687432749939,-7.668260549780788,-4.718801284865382,0.8517189202992949
217,-0.026162680216117434,1.7302917495220937,1.8747435874174787,-7.541929903131988,-4.574945366759683,0.8508911689639523
218,-0.03493524043146747,1.8292278519899332,1.8746235592948681,-7.499687966411507,-4.527158755428427,0.8504957071574086
219,-0.04347814295295311,1.9973869041173051,1.8667385901157725,-7.458230147274325,-4.4788710533534335,0.8497283209785107
220,-0.052115717410450804,1.9997982295072907,1.8753290196218864,-7.415791638152298,-4.431698395404484,0.8489568923207746
221,-0.060792068853155204,1.9999134775937657,1.8721960988409652,-7.373447708919578,-4.383901989355529,0.8481390863293381
222,-0.07001334073418995,1.999933724901258,1.853605291417333,-7.332089498240513,-4.335825384875618,0.8471251553739134
223,-0.07812442627666207,1.9998226674476254,1.6646358849802456,-7.254926191165227,-4.25039937834396,0.8451483899223008
224,-0.08817692295949911,1.9703436163982926,1.9123440672115637,-7.174255369810995,-4.1600465540622,0.842243682850168
225,-0.09795583033612942,1.9999762897385676,1.8436034423272816,-7.088941064086794,-4.065004775574711,0.8388309129548402
226,-0.10664477576914173,0.3548934942706389,1.8359672211233276,-6.876084400312029,-3.8325575205928653,0.8290970038632749
227,-0.10217449363929504,0.11100611988353737,1.8395193865218349,-6.833437546915851,-3.786774622594935,0.827017464387506
228,-0.10369591772913316,-0.1227170213046046,1.8714235555872154,-6.790578316147362,-3.7405328305943373,0.8250782578866107
229,-0.11645694014719585,-0.3355873687601524,1.8663515036901603,-6.747036331869914,-3.6939026706069873,0.8232118956972352
230,-0.12339400609144295,-0.08512830064509655,1.335247239317085,-6.666189822531914,-3.608664046147498,0.819605974608152
231,-0.13213787701907742,0.09909205519711495,0.4940925254735425,-6.630686401508802,-3.5699588024639697,0.8161918836607899
232,-0.1409132170452767,0.16529826098813763,0.13762407473193355,-6.622927903392726,-3.5618230086593643,0.81542695608793
233,-0.1496417261815506,0.21377268865795518,-0.17276351705760928,-6.623985909306376,-3.563290053298264,0.81581641242692
234,-0.15837950010731414,0.4659965383593808,-0.11375314231039782,-6.627232388279244,-3.56711897657015,0.8158340222456205
235,-0.16709049908607423,0.7138876906775493,-0.10716196061268092,-6.630363387444051,-3.5704098058589495,0.8159173261181495
236,-0.178584295968314,0.761725431828314,0.2889775197968685,-6.630782311266268,-3.571641238026209,0.8161226723153092
237,-0.14143774263657027,1.0256961589766724,0.14662803392522408,-6.624783573528056,-3.5641238004517044,0.8154997965978079
238,-0.14988637841896263,0.8045231156050718,0.5896370476008799,-6.614036173937575,-3.554396678527126,0.8151023627127231
239,-0.15681764924411926,1.0544667613040886,0.4747064257033005,-6.591228712175637,-3.5297861638346526,0.8133105457182075
240,-0.16554117435733642,1.3040146085121125,0.8992945288864524,-6.549367324903745,-3.4858943609023694,0.8107671410286778
241,-0.17425486567679355,1.55271760450264,0.9324439227839642,-6.527612233875092,-3.4640947875309287,0.8086322100856398
242,-0.17913008328285532,1.8027173743762102,0.5806448929651787,-6.5101550546261935,-3.4459655790729613,0.8074811026476924
243,-0.18521160640579531,1.9886478663333524,0.7674597861502936,-6.494501511134978,-3.4300048859542125,0.8060080961323837
244,-0.1903195740684587,1.9212445379241194,1.42417281653899,-6.447107655587379,-3.3823988073410667,0.8017688414538707
245,-0.1933560579451468,1.9992606340543224,1.2171642824169313,-6.387562886798703,-3.3221426500876405,0.7961447423636108
246,-0.1977948187324751,1.9961137038468186,1.8396999569274677,-6.351533666724921,-3.285891308396351,0.792718244180666
247,-0.20482578990917716,1.9967819428104752,1.631320825189766,-6.309555068740521,-3.2430136090636394,0.7885482740929824
248,-0.21156106069823105,1.9966407299871698,1.680908427013847,-6.268876380018792,-3.2035432371316572,0.783929496014478
249,-0.2175747297068552,1.9965257327283816,1.7439211909076244,-6.182365950510001,-3.1191604889762874,0.7753060001941587
250,-0.22522787295343263,1.9931054323012518,1.8751399906559139,-6.093160128855347,-3.0346719625492704,0.7666887913051356
251,-0.2306954866386802,1.9953242877425004,1.8346092783986876,-6.046725129283561,-2.9916366067702844,0.7623125831525185
252,-0.23196911403371043,1.9884297782541125,1.8236360235557396,-6.001316322442289,-2.948299097241031,0.7575841565118366
253,-0.23895498189842157,1.9786665272262494,1.833613989616718,-5.9555733151095644,-2.907062701730348,0.7528394761353548
254,-0.24364131935047745,1.9998944521243405,1.8105944712478,-5.8634183389363095,-2.823411082319267,0.7435765958758443
255,-0.24921991072745212,1.9990730573277982,1.829741848428573,-5.770764249367398,-2.7414758537026365,0.7340557361759932
256,-0.25718021926485074,1.9996752606632597,1.823715169253496,-5.724248469070566,-2.7002447159445615,0.728815394233388
257,-0.2583522593189909,1.999993707317817,1.820716487728151,-5.630936691613388,-2.6202811747224346,0.7187816498667031
258,-0.2771806769862569,1.8991562162205464,1.7899854417249457,-5.677331874821988,-2.660534864481898,0.7238299771656235
259,-0.2849641107242637,1.999876381685024,1.8096422638530991,-5.536240813433381,-2.5408198999714138,0.7082289799343299
260,-0.2854777003361309,1.7475858744566797,1.8032548424694383,-5.393732671228358,-2.4231652366871828,0.6911041790286329
261,-0.2684371033794687,1.5242545957361786,1.798674690497863,-5.441199705807716,-2.461333703510731,0.6968044079449657
262,-0.14375045527134306,0.27176596009360565,1.5831742347534654,-5.1129676167919325,-2.208353294887479,0.6574554166319342
263,-0.1521216303919444,0.5150912483508884,1.7043064565201314,-5.156882033120735,-2.240910137005493,0.6626352407236158
264,-0.16084826779734632,0.5093044180327064,1.5056836670719957,-5.026400281463908,-2.146165583196021,0.648373551751744
265,-0.17064344447201601,0.7594695227719878,1.3041272786199747,-4.99001013493895,-2.118912564493943,0.6464354774264948
266,-0.18434880943923398,0.8293962539825207,1.0944100555407053,-4.9153812013405425,-2.065050141873698,0.6396104569029302
267,-0.19385958706745723,0.5830910104739988,0.5429319405821855,-4.8775987459673615,-2.044850556608526,0.635703429253577
268,-0.2025844528805099,0.5653334842938362,0.4593899773190886,-4.862868215358092,-2.0335034332216773,0.6335725690029204
269,-0.21131106638184624,0.5429774621595935,0.4636481808554286,-4.8498457566540285,-2.0241991774020507,0.6330324723081082
270,-0.22000433497463062,0.6378828311575302,0.4269088129439854,-4.83811787025402,-2.0163243311565964,0.6323993944482934
271,-0.22872604196101295,0.5577071953307299,0.5484369591589482,-4.807548759327292,-1.9943096800295326,0.6295268077951472
272,-0.2399656912169413,0.6701160091126871,0.553782967335343,-4.778958854993744,-1.9741569626896591,0.6266989861565196
273,-0.2477575116504354,0.7523032376243799,0.4942644958799852,-4.764499366050191,-1.9639162568144226,0.6254458033526397
274,-0.24499008615622456,1.0023680405935118,0.5222414833579124,-4.750575075230812,-1.954205250164776,0.62390539483171
275,-0.25371313664540585,1.0253524698808971,0.5185702132886054,-4.73576014767397,-1.9435883648085692,0.6221367465839266
276,-0.25412571912992604,1.220966717471458,0.540374305100004,-4.707455554440245,-1.9243447668819857,0.6191570978579366
277,-0.2624103887817523,1.2414358742697298,0.6918491766835987,-4.669529933156621,-1.8971814588842681,0.6152587173354441
278,-0.25248649604602946,1.4905251069293595,0.7138167107788045,-4.649729501981923,-1.8844526821127967,0.6130502339730634
279,-0.25803971146139254,1.7393577974225287,0.9464800189206822,-4.598721389065753,-1.848692954912229,0.6076649333687812
280,-0.2494076055601629,1.983065134206388,1.1543886994669101,-4.543606706552083,-1.8121868768031621,0.6022689309904979
281,-0.25459558828194706,1.9996648784618478,1.1740904524800602,-4.508966323995657,-1.7881018629136944,0.5978064692966651
282,-0.24405955536244717,1.9795628637719764,1.367051260495711,-4.441799831829156,-1.7440879476732882,0.5912731352414355
283,-0.24889995778341537,1.9993905688447757,1.424002975006548,-4.40044897891379,-1.7162796684004755,0.5863765234106478
284,-0.24677450640700138,1.9951564028087383,1.7977834145381886,-4.316764204118343,-1.6624265173259047,0.5780506191265306
285,-0.247438608797114,1.997849029618415,1.8765141402972991,-4.263558915698889,-1.625710610762777,0.5716941772297719
286,-0.2499126833302914,1.9999964104115595,1.745572029882447,-4.1566031223005915,-1.559468192552886,0.560359465255899
287,-0.25058149278464714,1.9883952506152298,1.798567883327523,-4.10564148779782,-1.5287877468869833,0.5553764844780106
288,-0.25282249632818704,1.8072420413732098,1.857314077798563,-4.052576712605993,-1.496939596185145,0.5493947337216792
289,-0.2555374746124109,1.9919623467380916,1.8236031801665933,-3.9456032563720767,-1.433203802103939,0.5380509641241918
290,-0.2609747843104313,1.7309453276300197,1.797121808712366,-3.8382202770348988,-1.3710267281393778,0.5268974842355478
291,-0.25222455080524353,1.7250807192346418,1.8121358653331858,-3.7847110635777876,-1.3411667236794846,0.520820465954297
292,-0.2569512068616648,1.9788851669174137,1.8201137039209438,-3.7307595586652464,-1.3115163696279124,0.5158819676580813
293,-0.25496319635648773,1.960913124553544,1.8177900903692932,-3.6765705308179237,-1.2814573821648936,0.510266235868468
294,-0.2560743598321995,1.6915705941337666,1.764697773130622,-3.5687131160623577,-1.2233080220003232,0.49933730151452416
295,-0.24999132070218827,1.8858865075737539,1.5710528629800975,-3.4694330027220173,-1.174732574727672,0.4895281896060127
296,-0.2543124529852466,1.8240788836477084,1.6941240551945431,-3.4217268731344723,-1.1495974431392457,0.48424958162060855
297,-0.25812997693663614,1.970546549289566,1.8791333211212198,-3.3680450456307782,-1.121110640703784,0.47900193414294034
298,-0.263040976865677,1.818178760617356,1.7212240438702664,-3.2581503556867375,-1.0663913521726491,0.4678910993237659
299,-0.2656933824998939,1.997900781751949,1.697881569617632,-3.2057928129346327,-1.040775399594581,0.4625720128002909
300,-0.26146665712240813,1.9998619868458694,1.7331578561338612,-3.099797095089473,-0.9898749959482753,0.4512466274427875
301,-0.25228846461935367,1.983954138360812,1.8038656529962929,-3.045220715976141,-0.9635892211270987,0.4453572226275518
302,-0.23977712285841715,1.9998362878490161,1.799296258166444,-2.990069032865663,-0.9377913905242604,0.43947748115813823
303,-0.24388553928490794,1.9989708871877425,1.8276325989941995,-2.877226270541693,-0.8871025289469656,0.42824286344529133
304,-0.24721215796095639,1.9994739410269853,1.816366117881497,-2.764115846486452,-0.8369749506912307,0.41721064005558955
305,-0.24548437482057836,1.9996799099224962,1.7968412558455071,-2.707570280085079,-0.813008513777651,0.41215980970248867
306,-0.2466634557622938,1.9480804870672273,1.7919853904729004,-2.651354147976396,-0.7890745030962449,0.4066846334262529
307,-0.2335965310314887,1.9999853985822404,1.7936814818243718,-2.5953891323579805,-0.765236083570095,0.4011858963889611
308,-0.22978978592704621,1.9929777159706128,1.8306684010255816,-2.481385233749062,-0.7180993535455202,0.39007462836598666
309,-0.22053061094976392,1.9901650919929506,1.8279945502009505,-2.3650351530595115,-0.6724369232065552,0.3797398126288115
310,-0.21905513315656114,1.991069341368795,1.823465504531023,-2.307129986259884,-0.6501659991400531,0.3745750782929121
311,-0.21032893904627023,1.9999952029335588,1.8119075973592091,-2.249498145205431,-0.627929402217769,0.3695519308626741
312,-0.20293564242335196,1.9999877575020786,1.8270697723158624,-2.191670849811426,-0.6059821622576709,0.3645668819900082
313,-0.1942688403532473,1.9991602660500518,1.8211466913565886,-2.075250538345102,-0.563187681420253,0.35517089546135033
314,-0.18554226271122248,1.9999999023603179,1.824666786538581,-1.9586342546315554,-0.5211310340203198,0.3460432093737403
315,-0.14604276791917148,1.8825430993611454,1.8282888075664185,-1.9000405665804518,-0.5005881378886436,0.3418938674004259
316,-0.1467127111206044,1.8020007241446316,1.8417677325742579,-1.7823728211829102,-0.45938604328227084,0.33309722123501506
317,-0.15662465065346967,1.99765451862978,1.8620453083606183,-1.664164299124367,-0.4199529232005533,0.3276356118607306
318,-0.16394923717594614,1.993163296890408,1.8407100450952305,-1.6040282771313015,-0.40055797491257533,0.32431491884368013
319,-0.1549269892535819,1.9940562618791562,1.7283395896135805,-1.4887624036240854,-0.363337176362285,0.31768714766833717
320,-0.1692165560401657,1.7581158903954028,1.7306892991742537,-1.4324529116159808,-0.3456886568646568,0.31429436759931206
321,-0.17793674698820067,1.5082014201773917,1.8012598093496444,-1.3753507002379968,-0.3266818540201939,0.31080677386402983
322,-0.23762027797033458,1.5229359914982399,1.856380307054452,-1.2550708782907276,-0.2893636581442894,0.3037051830743613
323,-0.24319849998869217,1.6727816100815571,1.823754686493319,-1.1356255165066984,-0.25292131840016896,0.29591898997586485
324,-0.2482974958551639,1.726948107248169,1.8025328418213964,-1.0764070082645738,-0.23574458538751755,0.2902838486857596
325,-0.2536351011776413,1.4982571008362982,1.6413138007576535,-1.020378299310225,-0.22025010387442576,0.2843399091844519
326,-0.25109773857810264,1.7349998222180834,1.6154768868648026,-0.8796459975600339,-0.1818575297664959,0.27067719446148025
327,-0.2507291001556157,1.982129936129661,1.516193884188358,-0.827107039583435,-0.16771255771186797,0.2649687138687256
328,-0.25590599115313006,1.9816840421677644,1.39043061431867,-0.7301053431506745,-0.14335203359772067,0.25622109577662266
329,-0.2560018949308706,1.9999897493219458,1.39899981057078,-0.6853667010446716,-0.1324771031176047,0.25146270164770523
330,-0.25876616108566325,1.979573175576293,1.4095927637608867,-0.639661847303485,-0.1212590186240009,0.24735327221969408
331,-0.24668143944321452,1.999998961405563,1.7545078793968667,-0.5313051206779829,-0.09032291322024111,0.23326348520339218
332,-0.23756762958788388,1.9835195922398252,1.9099427650583767,-0.4704685968241352,-0.07719663225929324,0.22766230038419555
333,-0.23659449115988074,1.757427241996713,1.8103679964681567,-0.40915066550041423,-0.06453468264836865,0.2220653269431788
334,-0.22908827872928028,1.9976371527986347,1.8276031081262993,-0.34864746436607474,-0.05120510032566539,0.21668569634575183
335,-0.21982970081640085,1.9985104689436897,1.8215616148647522,-0.28766262682939603,-0.03825647364833912,0.21121275002548315
336,-0.21071291371997236,1.9987411746709298,1.803364958283421,-0.10417394996642826,-0.0013670800909631464,0.1952982897004653
337,-0.2094156627339398,1.9944163612743202,1.6968780468413327,-0.04460724455116116,0.009419044019074008,0.1901871912398767
338,-0.21300930297043005,1.9756241663323777,1.6169768237876454,0.00972509197031135,0.018400301785092887,0.18580625474817936
339,-0.21097916486874518,1.9913012976098057,1.8459029270747178,0.12178086637898322,0.03994158872822437,0.17635069633076952
340,-0.20964206107378572,1.7617708610360021,1.8339082200059469,0.18428653113096338,0.05068596876413506,0.17122442032795812
341,-0.20043847838688952,1.999641360452573,1.861321208242827,0.3080633806516593,0.07052229955611822,0.16173460954340876
342,-0.19131115407302982,1.9944719444890937,1.8274011111081028,0.4318440706788884,0.08928202881432995,0.15245251261024947
343,-0.18226149654878918,1.9993284562491875,1.8214990440754593,0.4931611677403911,0.09865155346784199,0.14781884122123423
344,-0.17809947245023813,1.9999901265009583,1.8147940539699345,0.5541632190778645,0.10738902874501766,0.14318007059079624
345,-0.16838425752170227,1.9999948793752407,1.832391652448077,0.7378851169773317,0.13235071702499612,0.13086229316388176
346,-0.15325640102762847,1.9157379836926065,1.8517939788253093,0.800078813933162,0.14038260290514654,0.12696503701315062
347,-0.1489344598751931,1.9161144438636413,1.8540214271762885,0.8626137427954159,0.14815144169507316,0.12293746601016066
348,-0.153279814976325,1.965503734622644,1.8475099837666866,0.9251371238135502,0.15535970963642848,0.11976361302983224
349,-0.1445476539442242,1.9999997448629545,1.8385550103754702,0.9873008950121689,0.16238593254305345,0.11659441763621235
350,-0.14493302628975602,1.9999990142865856,1.8310761732030192,1.1729658900676474,0.18262942434012613,0.1062885623995863
351,-0.14373748552554727,1.9996246929193882,1.7700061920611854,1.2341848074926103,0.1889409497420141,0.1031051979179238
352,-0.17186946805804365,1.9999968014233909,1.7895476771861276,1.354084278279089,0.2006188181145282,0.09679914813560285
353,-0.15569372590934433,1.9922228711515984,1.8532348480017944,1.4154415570092977,0.20689130983360607,0.09320205247042827
354,-0.1410473635759424,1.989184479085753,1.8360912067948063,1.4776227894216378,0.21157586391396332,0.0895002895770705
355,-0.13445053326781778,1.9966136537323311,1.870183651767124,1.602853804978592,0.22253591106623732,0.0825932929079749
356,-0.12572395150669877,1.9966766755416083,1.842115236393398,1.6656587554619147,0.22682742390121327,0.0797620446987465
357,-0.11781812061405655,1.999858322223344,1.8354628959834522,1.7904435951961337,0.23634177207351373,0.07366278694899407
358,-0.10909151063746819,1.9999655071696694,1.8404762951596545,1.7280052724153907,0.2311502347050138,0.07660073530505603
359,-0.09985024791155024,1.9999343044842652,1.8437598385175484,1.9156355861006538,0.2447954697117446,0.06812133843973994
360,-0.09417231790644072,1.9977717835573703,1.8563360933433,2.0414431414186014,0.25267675000267786,0.06314175469355465
361,-0.09409317099897226,1.9999844996167233,1.8547843410841083,2.167332209716733,0.260204597526208,0.058981105251981344
362,-0.08536652006888995,1.9999999989477348,1.8571406663278012,2.2303640574313492,0.26371079802518305,0.05689122975907835
363,-0.07928762095088653,1.9997794377799616,1.8561107046805274,2.293372335229528,0.26733302567280476,0.05493472397657334
364,-0.06989677097368308,1.9973454368421466,1.8598524354451094,2.356514887094887,0.2704111957414166,0.05290959750434221
365,-0.06090362028719481,1.99906657806927,1.864232440681251,2.482380074705362,0.2768015389122685,0.04943180359016241
366,-0.055018775915181665,1.9979443304516937,1.8692016442226,2.6088958916654645,0.2829541684000612,0.04608765794083718
367,-0.04527274031116038,1.9999958223005592,1.872516596579539,2.67242247729547,0.2857268311893064,0.04488506189033457
368,-0.04653372634393186,1.999999458536163,1.8665534334325142,2.73592231713567,0.2883209809362225,0.043753358212560094
369,-0.03892388789912846,1.9996429887516127,1.8635109108079324,2.799281751949964,0.29130214682462224,0.042504523684926986
370,-0.03936575524686579,1.9999940042713718,1.8686365653898367,2.9892705646736686,0.2989425650132785,0.03966046167214916
371,-0.030178911429477952,1.982189879028084,1.8625477432473856,3.052642613487783,0.301383874956657,0.038897467126808874
372,-0.021579094090895444,1.9999537044793951,1.8662859693095177,3.1796389004922005,0.30620208960572126,0.03731454798438364
373,-0.018560595435576723,1.9999022498178567,1.8599436218082106,3.2429606379275038,0.30855532305101907,0.03675026340182573
374,-0.017047844611877895,1.9969921670280462,1.8695771065726805,3.3702619101789395,0.3131893931173248,0.03580301705717079
375,-0.011214712914072314,1.9977838651022055,1.849436998546053,3.4334203165808654,0.31546467166668873,0.03563340450737702
376,-0.00838649521021056,1.999405424658397,1.8515283724632963,3.559216499553326,0.31993495333306354,0.0353222326081834
377,7.296914396791017e-05,1.9629647704790458,1.8702369359939257,3.6224073207182084,0.3222555681499071,0.035427797386075516
378,0.003935472605767159,1.9944749168853857,1.8826684605577741,3.686421814943471,0.32463800655374553,0.03542641050165394
379,0.005553948408627848,1.9998255342788218,1.8719018621231212,3.8136054776665116,0.32918546535389315,0.03582325202618046
380,0.01155425026314285,1.9999842878661604,1.876031948367032,3.94069688958757,0.3337929653601376,0.03647743565900567
381,0.02028089757931039,1.9999964498476976,1.8444806651223151,4.003960335882482,0.33617677548405994,0.03684251680997445
382,0.018249072124739696,1.9897555121903143,1.8359100439539824,4.0660435138122955,0.3384168483410638,0.037260823923142256
383,-0.013179074135749216,1.9999818126315667,1.833197862769495,4.12856623786352,0.3408506680016232,0.037615481772313865
384,-0.021552467353777163,1.9998834527500167,1.8996248090293417,4.255860262087114,0.34590891187374484,0.03850533481624845
385,-0.01985898106653869,1.9954660269937807,1.8617762923683683,4.382978331893151,0.3505391164473969,0.039421956423307696
386,-0.01224382064044823,1.9993930904623705,1.8708239225094565,4.446462983398498,0.35282903172622787,0.03919712719735112
387,-0.0035299361470883836,1.9999614477059064,1.8632989773462632,4.509882288187823,0.3553072917187863,0.03904901775770551
388,-0.0004749858047004872,1.9999360625046876,1.8623493112847957,4.700342644929188,0.36262638953028664,0.03829688561216926
389,-0.005329421068584402,1.998871758714622,1.8699149114459797,4.763798509728148,0.36504109239941507,0.038190865102093186
390,-0.00410118922352084,1.9999950799754007,1.8651770017801044,4.827110834623332,0.3673769924367243,0.0382788758926502
391,-0.0013277718028839695,1.9974983555953094,1.8709363457250492,4.8906071908770805,0.36989817312295303,0.0384850896403643
392,-0.004282088784845175,1.9997364703976326,1.8739556338695726,5.017939033402466,0.37484283209359803,0.038920425297928975
393,-0.008012122909516662,1.9991805246846885,1.8731158565196175,5.145232026105791,0.3795806889382286,0.038985411570208406
394,-0.017662783913734353,1.9999997720924103,1.8737500963638658,5.272570893874852,0.384540662195474,0.03946247505624987
395,-0.010479565456541546,1.9999906232194247,1.8726879361786342,5.3361855743925215,0.3868920482981751,0.03986361533193457
396,-0.011417746513083308,1.9999995656534162,1.8815073735879217,5.399938320436748,0.38946237034441566,0.03991089310990529
397,-0.011153351931432753,1.7593051964009898,1.8698008308347287,5.463686042962946,0.3919755426182483,0.039686604783329964
398,-0.019825350637235194,1.9999800225825413,1.8728868983486502,5.590779327815444,0.3968638777312968,0.039470992959005635
399,-0.018787075401298866,1.9985844771141774,1.8794476658120007,5.718097100288793,0.4017803935704323,0.039623652106923694
400,-0.02343735606682617,1.9999943596943275,1.8716908855001184,5.781886359801782,0.40420182153239154,0.039659875919893096
401,-0.023716188162431016,1.9994969476338629,1.8737549607048256,5.845492874812605,0.40663532261922447,0.03959175227582567
402,-0.03221473617996186,1.9948929367102288,1.8750362560929772,5.9091900361803145,0.4089440295732969,0.03938878707733356
403,-0.033461763001768924,1.9999969428577073,1.8721163001943597,6.036457395391331,0.413764871767514,0.03903693656145694
404,-0.027522967028392745,1.9999965476293344,1.8786597227676882,6.163882458363641,0.4184441904839067,0.03892490889958117
405,-0.055107334484149305,1.992413512794879,1.8719982316334078,6.227610600221208,0.4209029061397106,0.03851775287488786
406,-0.04623590328168265,1.9999097719719972,1.8706180510020918,6.291199748290235,0.4230722455546957,0.03817330923772043
407,-0.04105994091063379,1.9999971496437188,1.8761491306150424,6.354858000383813,0.42514031624005755,0.03818379100226983
408,-0.048057757951427006,1.9999696180383317,1.878371739243252,6.6087189109688405,0.43403615628057374,0.03451505434453941
409,-0.04062715523618933,1.9996110518922943,1.8528729686516054,6.672124455931802,0.43575074683360937,0.033799694779999744
410,-0.046350390185849306,1.9905838632517259,1.8620878060613606,6.735077743098046,0.4382654744480569,0.033008665105494224
411,-0.03835443726963242,1.9994918021655126,1.8831012949230586,6.798840496347008,0.4398707068826179,0.032089997120942
412,-0.04122867505396124,1.9999995866275866,1.8675355906098916,6.925889917094198,0.4435658836276074,0.030844243685189086
413,-0.03653418168711275,1.8645651055180632,1.874832087446863,6.989523377024778,0.4454652373809974,0.030187218107304643
414,-0.10995580343613416,1.9916034942415035,1.8674082454420393,7.116422095225186,0.4489484740645069,0.028799740138074657
415,-0.09093502648515499,1.722235958956937,1.8682483747689955,7.17993512153728,0.45103283364366564,0.028222911024951534
416,-0.08440220173266269,1.96982927923886,1.8689831631080847,7.243369675824039,0.45368684954399835,0.0266838502399379
417,-0.07704559887572116,1.9969377073744918,1.8426187107412049,7.369032392394338,0.4550243125021693,0.02266443000800038
418,-0.07401320070513316,1.9999932007342618,1.8737291052230605,7.432553617267043,0.4569634548124287,0.02110511357940462
419,-0.06959191069593905,1.9999176338219995,1.8437509338036984,7.558158632577514,0.4584365030702153,0.01783853724935436
420,-0.09489311618371814,1.9999958455817488,1.8245078008247928,7.620587192900087,0.4595852740948382,0.016373799598618174
421,-0.08483295047936044,1.7364288052249035,1.8450019527643593,7.683097928274243,0.46013130075170755,0.014514351038612337
422,-0.0762982221645208,1.9862297288738462,1.859237558217333,7.808955092412263,0.4621829481298995,0.011316081319065214
423,-0.06672264016053095,1.7168133119600255,1.8485569493740666,7.934050639156903,0.462847989878877,0.0077696307637809
424,-0.057748862876687325,1.5261084318812173,1.8807313720124916,7.997858877378303,0.46334887347659487,0.006234740964340622
425,-0.04860806477599122,1.6900145330251728,1.8472986244629839,8.06110259637064,0.46294907819849357,0.0043884740220984705
426,-0.037767272996376965,1.440017846745039,1.85547029283108,8.123912595058988,0.4636198810636619,0.003631406753821053
427,-0.028557159082169045,1.4138174686383074,1.857304485460693,8.25007369876495,0.4635985846316714,0.0011958330507470104
428,-0.01680752549992456,1.3459223973001389,1.3900389539827605,8.365941285622283,0.4656821060958921,-0.001251054144322628
429,-0.007816769418448825,1.4304564244928877,1.3859982685783307,8.41231507025806,0.46482564506016066,-0.0021607880854691377
430,0.004173474440163805,1.5019236094387665,1.4022907362745944,8.459383829661277,0.465450364739362,-0.002196234079622887
431,0.012899595581267935,1.2519350297564267,1.2906470669205428,8.595132804097142,0.4648461453813967,-0.0026229038557918525
432,0.021625309196979088,1.0019378474052862,1.200408585518216,8.636370800215442,0.4650171495226587,-0.0027749695240731585
433,0.034823928610499176,0.8208184448051523,1.2790930243713645,8.67940884863565,0.4650533429964862,-0.002750303146463389
434,0.04357885134578807,0.8519428573318142,1.4555822381845351,8.773709775514106,0.4647234766680738,-0.0018743178326967222
435,0.055076892542016975,1.0888903095913183,1.1560412540737899,8.865247021233214,0.4639822069927085,-0.0001842366390544116
436,0.06279789842472512,1.2599975324710615,0.8118409800494997,8.898029904658328,0.4638107364873038,0.000743416376766043
437,0.08656241121520347,1.294817900609727,0.9499656415811395,8.92791300253725,0.4648969996885026,0.0008911271206932546
438,0.08982928269824052,1.5447055830885954,0.845305827159213,8.958743420419996,0.46458021527581744,0.0018094612680318628
439,0.0920104528623525,1.7943267100786346,0.864511037979827,9.010757827746465,0.4652478009252539,0.0028370200170300414
440,0.08371404356639343,1.9735010121763754,1.2408309518471352,9.082846673111158,0.46515774076121097,0.00601373889255502
441,0.08485796750814405,1.9614431518595024,1.17611428384788,9.1230495079458,0.4652028045770287,0.0074773970214279655
442,0.07609879817374936,1.9983371045948641,1.3787546974384175,9.165537474918084,0.4660345443819231,0.008729333770097896
443,0.07287923857899523,1.9999908944786635,1.5174351899326843,9.217197817551904,0.4667634356382742,0.010313472644979406
444,0.07607022736430516,1.999999888708491,1.7482062788708728,9.318969750577333,0.46750642135557396,0.013805468617764884
445,0.07718610787482529,1.9999558140131815,1.8907080213966247,9.445195445505252,0.4698473378706418,0.017514356520943436
446,0.07499176607698992,1.9999981747997564,1.8752581418866359,9.572621508633505,0.47303094904,0.02067389713990935
447,0.07269205758742882,1.999995108909688,1.8985172611383607,9.636341524202633,0.4745990391364952,0.022360066954393257
448,0.07162545148126172,1.999984971376101,1.8748834885420604,9.700906208796981,0.4756792650981471,0.02389792253083536
449,0.0632822404743988,1.9990764673868378,1.8816514696418456,9.764444449589924,0.47780315480722846,0.025911189935782206
450,0.061113349518938105,1.9999991079136517,1.877964094486951,10.020817784909648,0.48520959701750577,0.03195104809532226
451,0.05882240857953015,1.999957012702472,1.8733952097447124,10.084619455492627,0.48712630536103263,0.03331886057412569
452,0.05002943346948087,1.999989246464607,1.8863502033199582,10.148489042782893,0.48973146121394573,0.03487440750331948
453,0.05144143279136791,1.9999959060090131,1.8811126770685087,10.212448516070438,0.49186548412990966,0.03594151227504452
454,0.044661021304028985,1.9981989460454752,1.8788143093262055,10.34007545527582,0.49663698517035204,0.03809867413570649
455,0.0378321359207017,1.9999940160174592,1.8802862998146233,10.40392489023469,0.4992929954201809,0.03904500931111201
456,0.03168175293352996,1.9196060311448284,1.8768469092052527,10.467716048382727,0.5017774158942194,0.040055129716873125
457,0.02547534796669514,1.9947404538683464,1.8830298037778606,10.59561020287729,0.5072062878264401,0.04154994199188538
458,0.018405765524187104,1.9990620183891379,1.885749378212668,10.531588275728184,0.5044055466714784,0.0408397367915604
459,0.008204180182842415,1.9999962311056823,1.8637858986765194,10.786800930857755,0.5154815672216877,0.042934149316217515
460,0.0033196507000421986,1.9999859152866184,1.8076772462367692,10.908845162587369,0.5204959449325589,0.043685418576620894
461,-0.016667340623962263,1.997274072935306,1.8209788358340169,10.970285935291574,0.5234473233832704,0.04389939437771055
462,-0.025089742436798176,1.9983516236243957,1.913535146078195,11.033465852678042,0.5257712979122171,0.04401696334483828
463,-0.03396615967784628,1.8970852247487078,1.865891138335309,11.098123982457603,0.5288483852478498,0.04343943969568495
464,-0.03962519833048922,1.9999999425383987,1.8880639476695646,11.22505356250949,0.5339315291971305,0.04222555606900706
465,-0.048098087558990095,1.9987109906479754,1.8676679800671843,11.352499036045803,0.538880748363334,0.04075731641392216
466,-0.05572773947298117,1.9999974371243532,1.8727794611328807,11.416026589107103,0.5415810650803753,0.03977839942213035
467,-0.06078523449111764,1.84352668489476,1.8709777978272721,11.479636202905377,0.5439262079767057,0.03895265148805625
468,-0.07004636187083262,1.9978770240689396,1.864516088842215,11.543070003907243,0.5462964030887144,0.03776769565208076
469,-0.08003413161450226,1.9970670477565629,1.8704886185658494,11.670144934838667,0.550551247994347,0.03530514994512522
470,-0.08355759415405103,1.9970467206848272,1.8679720458509772,11.797120714058627,0.5545550426828051,0.03188130228396606
471,-0.07974914208735984,1.999318905063565,1.8703372641786704,11.860688960806764,0.5561346835124094,0.03038042432672429
472,-0.09251434566412504,1.9999991848523015,1.8647574973698757,11.92406356191566,0.5579048817217148,0.028644690267492223
473,-0.10037368414467455,1.9999604674136093,1.858860892583113,11.987374679488875,0.5593284059924296,0.0269666418666789
474,-0.10348871174795252,1.9997886814054688,1.8663844469120205,12.114295492680998,0.5624905390260341,0.023320441185025857
475,-0.10502791330110305,1.9997208885813262,1.8724327477461948,12.240707563702143,0.5644817603707367,0.01920225141753571
476,-0.09650511255955511,1.9999996256518635,1.8653228125546166,12.367489527176266,0.566213971217031,0.014656687415316215
477,-0.09541051147478567,1.9959058246996342,1.860745381828031,12.430850579718097,0.5670325427877664,0.01244749036423144
478,-0.08814873327945973,1.9999823592350212,1.84252061804282,12.556931498166989,0.56815402123326,0.00809268396462566
479,-0.09275534330462643,1.9999984523684733,1.8573372393659635,12.619722100799985,0.5685379943740099,0.005917304487225765
480,-0.0947433835949445,1.9935249211458,1.8605504524619867,12.683027859267078,0.5685345078530625,0.00402005290062992
481,-0.09620542159880756,1.9999780893267722,1.863496527049479,12.809229521409476,0.568370100206177,0.00036734429097671855
482,-0.08603461595613432,1.9937805389645185,1.857258757411241,12.872460474432955,0.568478638256917,-0.001741089905337358
483,-0.07948673646115055,1.9767255748137944,1.8592854266228094,12.998908398111851,0.5678618064048244,-0.005906587152781344
484,-0.07086735866235229,1.999017395744988,1.8526795331757284,13.124969908972165,0.5667428533407991,-0.009402318173217737
485,-0.0646758923256107,1.9278042014733474,1.8571052367454852,13.18816035845054,0.5658291797596114,-0.01089981671100165
486,-0.059559787160042496,1.9997052779296562,1.8497794000739782,13.251111783564722,0.5653744222965325,-0.012283910860500749
487,-0.05205470126275766,1.9991854092075598,1.8532581219724107,13.377329204871097,0.5634176334365649,-0.015126240658121683
488,-0.0413395846554208,1.9999999546925322,1.866702307726177,13.503994036377541,0.5610582445325373,-0.017440492563909123
489,-0.03267796584586418,1.9987214857556048,1.8623110569347459,13.567384997643373,0.560271992998364,-0.01850631683066362
490,-0.019674483023922357,1.9999970347355018,1.8711827555933214,13.630785802797346,0.5587448369320239,-0.019340194382829048
491,-0.011060907629710213,1.9947274949098626,1.8655283927292334,13.757859581663679,0.5566798744145255,-0.02046935204697695
492,-0.005446975483260906,1.9999954754899019,1.8775564643184408,13.884702329288174,0.5538029570224694,-0.020741717511475976
493,0.003616928179332082,1.9999990130827967,1.8606559484497134,13.948417138132841,0.5525934887352034,-0.020931953435558256
494,0.010955818070215796,1.9981220338897459,1.8695943431367885,14.011675155938184,0.5510607928966864,-0.02112016674875471
495,0.018395853277770713,1.9999994353351083,1.8835876194788246,14.075534669256351,0.5498744579375943,-0.0207065527517835
496,0.03726922230307865,1.8913618332226843,1.8753766954295705,14.202787502721517,0.5472848219677926,-0.020063006008172384
497,0.04532277633195323,1.992299414452468,1.8749107904230666,14.330479419248716,0.5452871137068666,-0.019054980935013028
498,0.052712528733146365,1.9999979739464155,1.8612836149769407,14.393941413719949,0.5439686984170249,-0.018107243383252553
499,0.059436628338226175,1.9996955305558246,1.8827607321510602,14.457461941970093,0.543135277199605,-0.016694586715222243
500,0.06455262162218384,1.999927603329937,1.8795499918196295,14.521503484887848,0.5418395589958857,-0.015584821148259643
501,0.07142894009034181,1.9999742839130217,1.7871560353748233,14.702996503325274,0.5400292057648162,-0.011823137145699748
502,0.0731695963549963,1.9999469576632118,1.8805621751043553,14.76538385290509,0.5394761557001333,-0.010430219781558687
503,0.07328004290419873,1.9999906211098473,1.8925618519412355,14.830677394422958,0.5391367693276716,-0.008868926452298727
504,0.06933108764278946,1.9995974748581307,1.8685150729454392,14.894014513000549,0.5386584403449681,-0.007330382112781947
505,0.06695429839715623,1.9988306524727528,1.889277527572878,14.957793561035924,0.5386092181267143,-0.005821398832500302
506,0.0699017298075169,1.9999995755838533,1.8814377871211,15.085981379421007,0.5384178067818665,-0.0028993821570876626
507,0.06529369685022704,1.9998634773195358,1.8857938463573498,15.278271538312719,0.5384820962775339,0.0014795900022568918
508,0.057845775413622416,1.9999976589526518,1.8703373074835847,15.34208867064806,0.5385953128673898,0.0030895692698364183
509,0.05168330419069221,1.963088270487005,1.882597046687546,15.40582136509663,0.5388365771883685,0.00454161948737417
510,0.045231390003247704,1.9591560145791271,1.881220101035497,15.53423915459272,0.5397577209091183,0.00713790136357039
511,0.038198271739920436,1.9999915021631778,1.8728683968415136,15.661974787716906,0.5406942198085556,0.009120230446037008
512,0.02968605213616118,1.9999861696471937,1.8397028196670289,15.725190080910426,0.541313834756711,0.010102943010189129
513,0.024631953302415365,1.9997142729920803,1.8476607452446712,15.787639343672854,0.5420102605069015,0.0110082152455289
514,0.023676717319106182,1.9990655242742679,1.8432229002826745,15.850413340912093,0.5428888720365056,0.011476184969856956
515,0.015982472421693285,1.999998843603784,1.8409846584278082,15.975640870736818,0.5443682953659779,0.012456087107482479
516,0.007247441540034706,1.9999990689455436,1.8809701977265223,16.101172766659154,0.54581737030735,0.01336149946009558
517,-0.020950559777799388,1.9617838793758515,1.8822891564794517,16.16549699613615,0.5467159856093254,0.013633108892299172
518,-0.021978701108545353,1.9366162250295826,1.8754916769448389,16.229272644627592,0.5475063451014938,0.013585396831346902
519,-0.023001264554337555,1.9999842340063705,1.8823165009431089,16.293084626814366,0.5479855336148891,0.013842946365530457
520,-0.031749296832452575,1.9999999685442917,1.8688832381401388,16.42052398325791,0.5496886784469015,0.012402248450369913
521,-0.03211136998898792,1.9870314353616512,1.8747588482724784,16.548199938854747,0.552044226486839,0.011326302153847787
522,-0.027599890189283546,1.9782487717033417,1.8666573542042069,16.611784028993746,0.5517663194764902,0.010549267444153408
523,-0.035731698180464525,1.9999994533058008,1.8796104166511516,16.675455426066858,0.5525061456948906,0.009642359201269978
524,-0.041480149192946646,1.999999585659866,1.8749009924133457,16.739365821337692,0.5534655825822133,0.00904283529866551
525,-0.04447156064688614,1.9999961556763184,1.8730815246377066,16.994073102954854,0.5548030667052598,0.005835616225205265
526,-0.03814634343297046,1.999946682361695,1.875332893301787,17.05780374478407,0.5551103782430008,0.004950880974235336
527,-0.03195711772837628,1.9986686193784173,1.8719502043063525,17.121511387536945,0.5554485502490926,0.004019365027799281
528,-0.04042799867206663,1.999999816140216,1.8716465921403906,17.248773156184672,0.5553732960556745,0.0023385386404540156
529,-0.03645675327299864,1.9999991806132615,1.8677840991372656,17.312314990186024,0.5560476070708312,0.001679616120673267
530,-0.03314735012506288,1.9999828414842364,1.8710078693086278,17.37590286879421,0.5554725462509479,0.0008866142152204407
531,-0.03214076326450735,1.9799107506609444,1.8668687778024022,17.439454614179265,0.5552329994572386,1.3495870044329271e-05
532,-0.028286840381633427,1.9997183502731155,1.871240559830116,17.56658724758098,0.555252715138547,-0.0011709565011333942
533,-0.023640105821061495,1.9918320725347918,1.867813373352545,17.693851573362693,0.5549235999610318,-0.002562814302185171
534,-0.016694659385039327,1.995216373676251,1.873019340233134,17.630216338680757,0.5550469634577546,-0.0019484173042973384
535,-0.013845248611981931,1.9999991533342147,1.8551813914840114,17.882853344701452,0.5538087216172204,-0.0036873385598079015
536,-0.0072228973482369565,1.9990452361005697,1.8370450664703828,17.820038655519458,0.5542553176627747,-0.0034383802755546043
537,0.0015697310256751061,1.9972256355152702,1.867995537725435,18.00923388521665,0.5534427791553783,-0.004196113684388635
538,0.009642529486784825,1.999667809483152,1.8697868784648966,18.136031918206573,0.5527000327596617,-0.0041253584254965945
539,0.01829110612819524,1.9997995999618172,1.8708733266412174,18.263440454476296,0.5523274242821474,-0.003980949429072981
540,0.020504101281199744,1.9999601806570033,1.8697044338420272,18.32704183369186,0.5520393310174643,-0.003855072574770588
541,0.0267242298232992,1.953145524058697,1.8759041585414686,18.45432500950834,0.5518912226673126,-0.002622279990108156
542,0.03480323736542854,1.9995845435693753,1.8750431349565548,18.518121285128707,0.551659410800808,-0.0021427293712244014
543,0.03791087580814746,1.9974707897874078,1.8764297595109023,18.581851576079206,0.551570081626011,-0.0017779715470053507
544,0.043340625230882106,1.9999906273589918,1.8775360739294977,18.709372873017227,0.551848085535828,3.313607590728165e-05
545,0.035171133085512965,1.999927702077164,1.8819085409254623,18.773354689488215,0.5518220064563433,0.00085816399605336
546,0.0345582757747923,1.9999694716606176,1.8777410571082238,18.837174106572725,0.5521020485759472,0.0017613363672751372
547,0.03345444337809283,1.999986319110779,1.8808451202108374,18.901151242063047,0.5525033681812862,0.0027226654008763586
548,0.02851766004219918,1.9996500511247506,1.874364168010451,19.09226432347631,0.5533337144108793,0.00478050864446495
549,0.06940403683368915,1.9670828862832084,1.877646420246954,19.156009878155846,0.5537043316646441,0.005434358262648855
550,0.07666246907029468,1.9975180014460852,1.8789142375099464,19.219930697667337,0.5541173759180351,0.006045504907589588
551,0.0680621168318206,1.9999900964441422,1.8901399861744665,19.283898987250087,0.5543721625666593,0.006593406475763059
552,0.05933550298996588,1.9999994917726147,1.877504023102895,19.34804053366724,0.5553480750283837,0.008131455347079935
553,0.04712962717944657,1.9946110131775747,1.8351074072286722,19.538361410045763,0.5573291491632913,0.012959453800035329
554,0.03224015026745328,1.890197254093507,1.8437798476382992,19.601027685564745,0.5585278097695279,0.014404717416599957
555,0.023519466369085147,1.9999743840017938,1.8617475300490351,19.66394193111651,0.5589296850190763,0.01578622741565268
556,0.0206966850508819,1.9998307369714639,1.874815625371929,19.79205786532133,0.561016456397029,0.016643199784511974
557,0.014719137143404342,1.9974846674244469,1.872368450391753,19.91956606549945,0.5635392168323773,0.01754559692298438
558,0.008115709917763732,1.9993378295639537,1.8709695284854526,20.04675028235679,0.5659247089789636,0.018135575252110795
559,0.0106925355453924,1.9448384902130638,1.8791142200840178,20.110580817074105,0.566879677565083,0.018287301478482128
560,0.009760019694266802,1.9999779333443184,1.882279978860475,20.174505062184966,0.5681984235397377,0.018301996812272268
561,0.013555749172839474,1.9999901421029596,1.8717849996529505,20.238286847813985,0.5692529660829385,0.01840976460608717
562,0.012922962553237273,1.9353947631992452,1.8743447016058798,20.36550254802668,0.5717648328482419,0.018691663905353824
563,0.002255555999033973,1.8724003400566054,1.8302813854764555,20.4285760443925,0.5727787871486743,0.01891373038279168
564,0.010982199935691663,1.9999983985679795,1.8202958812714498,20.551845220210854,0.5752697099990817,0.019299794694779115
565,0.011991619819286342,1.9993037145145092,1.8743638609096163,20.614489269434465,0.5764592047996893,0.01922610737055655
566,0.011007111337502545,1.990729855329913,1.8883662824668386,20.679074888643957,0.5774141051693009,0.01911809284488023
567,0.019733618789366997,1.9999961238462898,1.754300645220345,20.804345823850237,0.5801835061492399,0.019761817947132193
568,0.02894523203318669,1.9983394122469065,1.7640044165800723,20.922287940045166,0.5823579538251922,0.020129743160092806
569,0.03844248223651036,1.997414731350383,1.8844529300020938,20.984091062711908,0.5837875049978413,0.020539559462804387
570,0.047149795909625716,1.9999750893602188,1.8835892913251042,21.049408875734382,0.5850878786579325,0.021042664647033967
571,0.03986572851105222,1.9813555442462794,1.8890833065691468,21.17641987489169,0.5881602800322844,0.02222822141761368
572,0.032004293316770474,1.9931289930784855,1.88597370895923,21.304436383159143,0.591308187829327,0.02433182527973813
573,0.027328090371483194,1.9303095686937402,1.8751024372230904,21.36840794495128,0.5928973590980174,0.02511507050107589
574,0.03597910632289596,1.999965998141258,1.8734291113526584,21.432023495357864,0.5945990189911545,0.025677819999707127
575,0.044563843073836866,1.9991422645790546,1.8682419854874983,21.622560762076073,0.5996217385042487,0.02752078324340109
576,0.054206180153389565,1.999998169106181,1.8503455356553529,21.68583640642293,0.6015841745584584,0.028267504430440942
577,0.05362822027237347,1.8554143374896936,1.8059460151932565,21.87089202618384,0.6072386274732272,0.03163320374498222
578,0.043445842379251004,1.999999186706597,1.881450496479212,21.9334603167276,0.6091321910832556,0.03279329554671297
579,0.04170488503042558,1.9999866336598757,1.8782451628479038,22.061711548143982,0.6139264624994525,0.03479146183325888
580,0.043921443388448535,1.9964829165744198,1.8888459565243352,22.125720055369943,0.6159246618728892,0.035633075036292546
581,0.04087460113434653,1.999872849187454,1.8839230955471404,22.253724880826436,0.6208630961139809,0.03744158367233084
582,0.028608761603462162,1.9457973955449244,1.877167604045958,22.317648185937628,0.6231743745858632,0.03830710335884145
583,0.023151518648513395,1.9218176352392462,1.8772848253556023,22.381320085057425,0.6256759359573059,0.03934079096043178
584,0.023315541417746576,1.9753747520269767,1.8753184771387492,22.509155295504797,0.6311368363559219,0.04067577204298679
585,0.014419867251126291,1.9999853390510431,1.8533060140428035,22.636435683506257,0.6359490379424381,0.041431848726372324
586,0.0047928296964684855,1.9476523274001096,1.8062520231984378,22.698754512043024,0.6387878629080848,0.042101583221884724
587,-0.004262083341234771,1.8333141252092826,1.835209189092323,22.760368843995536,0.6414166942561741,0.042133129985223665
588,-0.01379534442929,1.7422012287218924,1.830219683324807,22.822502036353132,0.6438936097131087,0.04207366161724318
589,-0.02379472859131291,1.4941093047439995,1.850326736349148,22.948866956383938,0.6492964815868801,0.04213308226958148
590,-0.029533294259606553,1.3313851116248954,1.8145314978302964,23.07361513289998,0.6542055819871926,0.04100856018979016
591,-0.03921334782676857,1.5000143480917592,1.8343952247290247,23.135595994314155,0.6567436053097354,0.040502428557088
592,-0.0494322588104203,1.4989744540318175,1.7298422501665924,23.196847756303598,0.6589261012620324,0.0400738339551108
593,-0.060110440839898506,1.4285128984895996,1.3515503033684118,23.249374013809526,0.6598190791796695,0.03983592847228862
594,-0.06814362345323158,1.3999949393546287,1.348931733940862,23.34028679963334,0.6642266031929135,0.03796000121842617
595,-0.07970136918750904,1.356472907439323,1.281700536180132,23.422099697288537,0.6670188068564838,0.03642189265371447
